--
-- PostgreSQL database dump
--

-- Dumped from database version 15.2
-- Dumped by pg_dump version 15.2

-- Started on 2023-10-07 00:22:16

SET statement_timeout = 0;
SET lock_timeout = 0;
SET idle_in_transaction_session_timeout = 0;
SET client_encoding = 'UTF8';
SET standard_conforming_strings = on;
SELECT pg_catalog.set_config('search_path', '', false);
SET check_function_bodies = false;
SET xmloption = content;
SET client_min_messages = warning;
SET row_security = off;

SET default_tablespace = '';

SET default_table_access_method = heap;

--
-- TOC entry 225 (class 1259 OID 17076)
-- Name: customer; Type: TABLE; Schema: public; Owner: postgres
--

CREATE TABLE public.customer (
    id integer NOT NULL,
    lastname character varying(255),
    name character varying(255)
);


ALTER TABLE public.customer OWNER TO postgres;

--
-- TOC entry 224 (class 1259 OID 17075)
-- Name: customer_id_seq; Type: SEQUENCE; Schema: public; Owner: postgres
--

ALTER TABLE public.customer ALTER COLUMN id ADD GENERATED BY DEFAULT AS IDENTITY (
    SEQUENCE NAME public.customer_id_seq
    START WITH 1
    INCREMENT BY 1
    NO MINVALUE
    NO MAXVALUE
    CACHE 1
);


--
-- TOC entry 3343 (class 0 OID 17076)
-- Dependencies: 225
-- Data for Name: customer; Type: TABLE DATA; Schema: public; Owner: postgres
--

INSERT INTO public.customer (id, lastname, name) VALUES (1, 'Daugherty', 'Amos');
INSERT INTO public.customer (id, lastname, name) VALUES (2, 'Simon', 'Ursula');
INSERT INTO public.customer (id, lastname, name) VALUES (3, 'Kline', 'Burton');
INSERT INTO public.customer (id, lastname, name) VALUES (4, 'Graham', 'Kai');
INSERT INTO public.customer (id, lastname, name) VALUES (5, 'Banks', 'Chelsea');
INSERT INTO public.customer (id, lastname, name) VALUES (6, 'Morgan', 'Phyllis');
INSERT INTO public.customer (id, lastname, name) VALUES (7, 'Anthony', 'Merritt');
INSERT INTO public.customer (id, lastname, name) VALUES (8, 'Marks', 'Marah');
INSERT INTO public.customer (id, lastname, name) VALUES (9, 'Mcgowan', 'Tiger');
INSERT INTO public.customer (id, lastname, name) VALUES (10, 'Joyner', 'Winter');
INSERT INTO public.customer (id, lastname, name) VALUES (11, 'Sellers', 'Rosalyn');
INSERT INTO public.customer (id, lastname, name) VALUES (12, 'Merrill', 'Todd');
INSERT INTO public.customer (id, lastname, name) VALUES (13, 'Sellers', 'Alyssa');
INSERT INTO public.customer (id, lastname, name) VALUES (14, 'Ball', 'Kimberley');
INSERT INTO public.customer (id, lastname, name) VALUES (15, 'Sharp', 'Axel');
INSERT INTO public.customer (id, lastname, name) VALUES (16, 'Anthony', 'Rinah');
INSERT INTO public.customer (id, lastname, name) VALUES (17, 'Dotson', 'Bert');
INSERT INTO public.customer (id, lastname, name) VALUES (18, 'Norman', 'Owen');
INSERT INTO public.customer (id, lastname, name) VALUES (19, 'Robinson', 'Richard');
INSERT INTO public.customer (id, lastname, name) VALUES (20, 'Benton', 'Phyllis');


--
-- TOC entry 3349 (class 0 OID 0)
-- Dependencies: 224
-- Name: customer_id_seq; Type: SEQUENCE SET; Schema: public; Owner: postgres
--

SELECT pg_catalog.setval('public.customer_id_seq', 1, false);


--
-- TOC entry 3199 (class 2606 OID 17082)
-- Name: customer customer_pkey; Type: CONSTRAINT; Schema: public; Owner: postgres
--

ALTER TABLE ONLY public.customer
    ADD CONSTRAINT customer_pkey PRIMARY KEY (id);


-- Completed on 2023-10-07 00:22:16

--
-- PostgreSQL database dump complete
--

--
-- PostgreSQL database dump
--

-- Dumped from database version 15.2
-- Dumped by pg_dump version 15.2

-- Started on 2023-10-07 00:22:46

SET statement_timeout = 0;
SET lock_timeout = 0;
SET idle_in_transaction_session_timeout = 0;
SET client_encoding = 'UTF8';
SET standard_conforming_strings = on;
SELECT pg_catalog.set_config('search_path', '', false);
SET check_function_bodies = false;
SET xmloption = content;
SET client_min_messages = warning;
SET row_security = off;

SET default_tablespace = '';

SET default_table_access_method = heap;

--
-- TOC entry 227 (class 1259 OID 17084)
-- Name: product; Type: TABLE; Schema: public; Owner: postgres
--

CREATE TABLE public.product (
    id integer NOT NULL,
    price numeric(19,2),
    product_name character varying(255)
);


ALTER TABLE public.product OWNER TO postgres;

--
-- TOC entry 226 (class 1259 OID 17083)
-- Name: product_id_seq; Type: SEQUENCE; Schema: public; Owner: postgres
--

ALTER TABLE public.product ALTER COLUMN id ADD GENERATED BY DEFAULT AS IDENTITY (
    SEQUENCE NAME public.product_id_seq
    START WITH 1
    INCREMENT BY 1
    NO MINVALUE
    NO MAXVALUE
    CACHE 1
);


--
-- TOC entry 3343 (class 0 OID 17084)
-- Dependencies: 227
-- Data for Name: product; Type: TABLE DATA; Schema: public; Owner: postgres
--

INSERT INTO public.product (id, price, product_name) VALUES (1, 400.00, 'Clams - Bay');
INSERT INTO public.product (id, price, product_name) VALUES (2, 794.00, 'Ecolab - Power Fusion');
INSERT INTO public.product (id, price, product_name) VALUES (3, 541.00, 'Cheese - Shred Cheddar / Mozza');
INSERT INTO public.product (id, price, product_name) VALUES (4, 193.00, 'Devonshire Cream');
INSERT INTO public.product (id, price, product_name) VALUES (5, 248.00, 'Longos - Cheese Tortellini');
INSERT INTO public.product (id, price, product_name) VALUES (6, 965.00, 'Sauce - Soy Low Sodium - 3.87l');
INSERT INTO public.product (id, price, product_name) VALUES (7, 924.00, 'Flour - Corn, Fine');
INSERT INTO public.product (id, price, product_name) VALUES (8, 324.00, 'Tobasco Sauce');
INSERT INTO public.product (id, price, product_name) VALUES (9, 653.00, 'Cheese - St. Paulin');
INSERT INTO public.product (id, price, product_name) VALUES (10, 588.00, 'Lettuce - Arugula');
INSERT INTO public.product (id, price, product_name) VALUES (11, 612.00, 'Passion Fruit');
INSERT INTO public.product (id, price, product_name) VALUES (12, 515.00, 'Cheese Cloth');
INSERT INTO public.product (id, price, product_name) VALUES (13, 56.00, 'Pastry - Carrot Muffin - Mini');
INSERT INTO public.product (id, price, product_name) VALUES (14, 776.00, 'Asparagus - Mexican');
INSERT INTO public.product (id, price, product_name) VALUES (15, 589.00, 'Rice Pilaf, Dry,package');
INSERT INTO public.product (id, price, product_name) VALUES (16, 536.00, 'Lamb - Racks, Frenched');
INSERT INTO public.product (id, price, product_name) VALUES (17, 106.00, 'Pate - Peppercorn');
INSERT INTO public.product (id, price, product_name) VALUES (18, 378.00, 'Wine - White, Chardonnay');
INSERT INTO public.product (id, price, product_name) VALUES (19, 503.00, 'Bread Crumbs - Japanese Style');
INSERT INTO public.product (id, price, product_name) VALUES (20, 137.00, 'Trueblue - Blueberry Cranberry');
INSERT INTO public.product (id, price, product_name) VALUES (21, 479.00, 'Beets - Mini Golden');
INSERT INTO public.product (id, price, product_name) VALUES (22, 790.00, 'Roe - Lump Fish, Red');
INSERT INTO public.product (id, price, product_name) VALUES (23, 230.00, 'French Kiss Vanilla');
INSERT INTO public.product (id, price, product_name) VALUES (24, 594.00, 'Basil - Fresh');
INSERT INTO public.product (id, price, product_name) VALUES (25, 700.00, 'Extract - Raspberry');
INSERT INTO public.product (id, price, product_name) VALUES (26, 159.00, 'Extract - Raspberry');
INSERT INTO public.product (id, price, product_name) VALUES (27, 765.00, 'Cup - 3.5oz, Foam');
INSERT INTO public.product (id, price, product_name) VALUES (28, 594.00, 'Trout - Hot Smkd, Dbl Fillet');
INSERT INTO public.product (id, price, product_name) VALUES (29, 934.00, 'Juice - Orangina');
INSERT INTO public.product (id, price, product_name) VALUES (30, 940.00, 'Cheese - Perron Cheddar');
INSERT INTO public.product (id, price, product_name) VALUES (31, 809.00, 'Pork - Kidney');
INSERT INTO public.product (id, price, product_name) VALUES (32, 134.00, 'Wine - Cava Aria Estate Brut');
INSERT INTO public.product (id, price, product_name) VALUES (33, 235.00, 'Wine - Rioja Campo Viejo');
INSERT INTO public.product (id, price, product_name) VALUES (34, 753.00, 'Table Cloth 53x53 White');
INSERT INTO public.product (id, price, product_name) VALUES (35, 22.00, 'Beef - Flank Steak');
INSERT INTO public.product (id, price, product_name) VALUES (36, 476.00, 'Wine - Port Late Bottled Vintage');
INSERT INTO public.product (id, price, product_name) VALUES (37, 542.00, 'Rum - Mount Gay Eclipes');
INSERT INTO public.product (id, price, product_name) VALUES (38, 29.00, 'Guava');
INSERT INTO public.product (id, price, product_name) VALUES (39, 828.00, 'Tofu - Firm');
INSERT INTO public.product (id, price, product_name) VALUES (40, 34.00, 'Bag - Bread, White, Plain');
INSERT INTO public.product (id, price, product_name) VALUES (41, 382.00, 'Grapes - Black');
INSERT INTO public.product (id, price, product_name) VALUES (42, 312.00, 'Chicken - Base');
INSERT INTO public.product (id, price, product_name) VALUES (43, 606.00, 'Pur Source');
INSERT INTO public.product (id, price, product_name) VALUES (44, 403.00, 'Sesame Seed');
INSERT INTO public.product (id, price, product_name) VALUES (45, 671.00, 'Cod - Black Whole Fillet');
INSERT INTO public.product (id, price, product_name) VALUES (46, 109.00, 'Flour - Rye');
INSERT INTO public.product (id, price, product_name) VALUES (47, 334.00, 'Pepper - Cayenne');
INSERT INTO public.product (id, price, product_name) VALUES (48, 354.00, 'Chef Hat 25cm');
INSERT INTO public.product (id, price, product_name) VALUES (49, 404.00, 'Juice - V8, Tomato');
INSERT INTO public.product (id, price, product_name) VALUES (50, 182.00, 'Garam Marsala');


--
-- TOC entry 3349 (class 0 OID 0)
-- Dependencies: 226
-- Name: product_id_seq; Type: SEQUENCE SET; Schema: public; Owner: postgres
--

SELECT pg_catalog.setval('public.product_id_seq', 50, true);


--
-- TOC entry 3199 (class 2606 OID 17088)
-- Name: product product_pkey; Type: CONSTRAINT; Schema: public; Owner: postgres
--

ALTER TABLE ONLY public.product
    ADD CONSTRAINT product_pkey PRIMARY KEY (id);


-- Completed on 2023-10-07 00:22:46

--
-- PostgreSQL database dump complete
--

--
-- PostgreSQL database dump
--

-- Dumped from database version 15.2
-- Dumped by pg_dump version 15.2

-- Started on 2023-10-07 00:23:26

SET statement_timeout = 0;
SET lock_timeout = 0;
SET idle_in_transaction_session_timeout = 0;
SET client_encoding = 'UTF8';
SET standard_conforming_strings = on;
SELECT pg_catalog.set_config('search_path', '', false);
SET check_function_bodies = false;
SET xmloption = content;
SET client_min_messages = warning;
SET row_security = off;

SET default_tablespace = '';

SET default_table_access_method = heap;

--
-- TOC entry 229 (class 1259 OID 17090)
-- Name: purchase; Type: TABLE; Schema: public; Owner: postgres
--

CREATE TABLE public.purchase (
    id integer NOT NULL,
    date date,
    customer_id integer,
    product_id integer
);


ALTER TABLE public.purchase OWNER TO postgres;

--
-- TOC entry 228 (class 1259 OID 17089)
-- Name: purchase_id_seq; Type: SEQUENCE; Schema: public; Owner: postgres
--

ALTER TABLE public.purchase ALTER COLUMN id ADD GENERATED BY DEFAULT AS IDENTITY (
    SEQUENCE NAME public.purchase_id_seq
    START WITH 1
    INCREMENT BY 1
    NO MINVALUE
    NO MAXVALUE
    CACHE 1
);


--
-- TOC entry 3345 (class 0 OID 17090)
-- Dependencies: 229
-- Data for Name: purchase; Type: TABLE DATA; Schema: public; Owner: postgres
--

INSERT INTO public.purchase (id, date, customer_id, product_id) VALUES (1, '2023-11-24', 6, 24);
INSERT INTO public.purchase (id, date, customer_id, product_id) VALUES (2, '2024-07-08', 2, 41);
INSERT INTO public.purchase (id, date, customer_id, product_id) VALUES (3, '2024-02-12', 10, 25);
INSERT INTO public.purchase (id, date, customer_id, product_id) VALUES (4, '2024-08-27', 4, 10);
INSERT INTO public.purchase (id, date, customer_id, product_id) VALUES (5, '2023-12-28', 9, 29);
INSERT INTO public.purchase (id, date, customer_id, product_id) VALUES (6, '2022-11-24', 16, 49);
INSERT INTO public.purchase (id, date, customer_id, product_id) VALUES (7, '2024-02-13', 9, 48);
INSERT INTO public.purchase (id, date, customer_id, product_id) VALUES (8, '2023-11-13', 19, 25);
INSERT INTO public.purchase (id, date, customer_id, product_id) VALUES (9, '2023-07-30', 17, 15);
INSERT INTO public.purchase (id, date, customer_id, product_id) VALUES (10, '2022-09-30', 8, 7);
INSERT INTO public.purchase (id, date, customer_id, product_id) VALUES (11, '2023-02-10', 16, 24);
INSERT INTO public.purchase (id, date, customer_id, product_id) VALUES (12, '2022-10-08', 20, 46);
INSERT INTO public.purchase (id, date, customer_id, product_id) VALUES (13, '2023-10-23', 14, 6);
INSERT INTO public.purchase (id, date, customer_id, product_id) VALUES (14, '2024-07-23', 6, 28);
INSERT INTO public.purchase (id, date, customer_id, product_id) VALUES (15, '2024-07-20', 18, 47);
INSERT INTO public.purchase (id, date, customer_id, product_id) VALUES (16, '2023-10-17', 17, 45);
INSERT INTO public.purchase (id, date, customer_id, product_id) VALUES (17, '2023-12-12', 11, 17);
INSERT INTO public.purchase (id, date, customer_id, product_id) VALUES (18, '2023-08-13', 12, 34);
INSERT INTO public.purchase (id, date, customer_id, product_id) VALUES (19, '2024-04-30', 2, 38);
INSERT INTO public.purchase (id, date, customer_id, product_id) VALUES (20, '2024-05-09', 7, 11);
INSERT INTO public.purchase (id, date, customer_id, product_id) VALUES (21, '2024-06-28', 8, 34);
INSERT INTO public.purchase (id, date, customer_id, product_id) VALUES (22, '2024-07-13', 2, 48);
INSERT INTO public.purchase (id, date, customer_id, product_id) VALUES (23, '2024-07-31', 16, 19);
INSERT INTO public.purchase (id, date, customer_id, product_id) VALUES (24, '2022-09-04', 13, 11);
INSERT INTO public.purchase (id, date, customer_id, product_id) VALUES (25, '2024-01-27', 1, 50);
INSERT INTO public.purchase (id, date, customer_id, product_id) VALUES (26, '2024-08-02', 18, 5);
INSERT INTO public.purchase (id, date, customer_id, product_id) VALUES (27, '2023-06-06', 17, 25);
INSERT INTO public.purchase (id, date, customer_id, product_id) VALUES (28, '2024-05-13', 3, 36);
INSERT INTO public.purchase (id, date, customer_id, product_id) VALUES (29, '2023-08-13', 11, 16);
INSERT INTO public.purchase (id, date, customer_id, product_id) VALUES (30, '2023-07-18', 3, 42);
INSERT INTO public.purchase (id, date, customer_id, product_id) VALUES (31, '2023-07-21', 4, 11);
INSERT INTO public.purchase (id, date, customer_id, product_id) VALUES (32, '2023-09-14', 3, 48);
INSERT INTO public.purchase (id, date, customer_id, product_id) VALUES (33, '2024-06-22', 6, 41);
INSERT INTO public.purchase (id, date, customer_id, product_id) VALUES (34, '2022-08-20', 4, 16);
INSERT INTO public.purchase (id, date, customer_id, product_id) VALUES (35, '2023-05-14', 9, 48);
INSERT INTO public.purchase (id, date, customer_id, product_id) VALUES (36, '2022-11-02', 15, 31);
INSERT INTO public.purchase (id, date, customer_id, product_id) VALUES (37, '2024-02-15', 2, 27);
INSERT INTO public.purchase (id, date, customer_id, product_id) VALUES (38, '2024-04-30', 2, 28);
INSERT INTO public.purchase (id, date, customer_id, product_id) VALUES (39, '2023-10-28', 18, 44);
INSERT INTO public.purchase (id, date, customer_id, product_id) VALUES (40, '2023-09-03', 9, 34);
INSERT INTO public.purchase (id, date, customer_id, product_id) VALUES (41, '2023-12-24', 7, 28);
INSERT INTO public.purchase (id, date, customer_id, product_id) VALUES (42, '2024-09-12', 11, 7);
INSERT INTO public.purchase (id, date, customer_id, product_id) VALUES (43, '2023-08-15', 16, 19);
INSERT INTO public.purchase (id, date, customer_id, product_id) VALUES (44, '2024-01-13', 17, 12);
INSERT INTO public.purchase (id, date, customer_id, product_id) VALUES (45, '2023-10-24', 6, 43);
INSERT INTO public.purchase (id, date, customer_id, product_id) VALUES (46, '2024-08-21', 11, 40);
INSERT INTO public.purchase (id, date, customer_id, product_id) VALUES (47, '2023-01-07', 4, 4);
INSERT INTO public.purchase (id, date, customer_id, product_id) VALUES (48, '2024-01-04', 11, 49);
INSERT INTO public.purchase (id, date, customer_id, product_id) VALUES (49, '2024-07-20', 6, 4);
INSERT INTO public.purchase (id, date, customer_id, product_id) VALUES (50, '2023-08-21', 7, 47);
INSERT INTO public.purchase (id, date, customer_id, product_id) VALUES (51, '2022-10-04', 9, 41);
INSERT INTO public.purchase (id, date, customer_id, product_id) VALUES (52, '2022-12-26', 18, 8);
INSERT INTO public.purchase (id, date, customer_id, product_id) VALUES (53, '2022-09-14', 15, 48);
INSERT INTO public.purchase (id, date, customer_id, product_id) VALUES (54, '2022-10-12', 15, 31);
INSERT INTO public.purchase (id, date, customer_id, product_id) VALUES (55, '2022-12-09', 3, 28);
INSERT INTO public.purchase (id, date, customer_id, product_id) VALUES (56, '2024-07-21', 9, 45);
INSERT INTO public.purchase (id, date, customer_id, product_id) VALUES (57, '2023-01-23', 3, 41);
INSERT INTO public.purchase (id, date, customer_id, product_id) VALUES (58, '2022-10-25', 13, 46);
INSERT INTO public.purchase (id, date, customer_id, product_id) VALUES (59, '2023-03-06', 15, 17);
INSERT INTO public.purchase (id, date, customer_id, product_id) VALUES (60, '2023-09-04', 20, 27);
INSERT INTO public.purchase (id, date, customer_id, product_id) VALUES (61, '2024-04-14', 7, 31);
INSERT INTO public.purchase (id, date, customer_id, product_id) VALUES (62, '2024-03-01', 17, 17);
INSERT INTO public.purchase (id, date, customer_id, product_id) VALUES (63, '2024-03-12', 6, 13);
INSERT INTO public.purchase (id, date, customer_id, product_id) VALUES (64, '2024-04-17', 4, 13);
INSERT INTO public.purchase (id, date, customer_id, product_id) VALUES (65, '2022-07-31', 11, 7);
INSERT INTO public.purchase (id, date, customer_id, product_id) VALUES (66, '2022-07-03', 4, 42);
INSERT INTO public.purchase (id, date, customer_id, product_id) VALUES (67, '2023-06-01', 14, 7);
INSERT INTO public.purchase (id, date, customer_id, product_id) VALUES (68, '2022-09-15', 11, 17);
INSERT INTO public.purchase (id, date, customer_id, product_id) VALUES (69, '2024-07-16', 3, 17);
INSERT INTO public.purchase (id, date, customer_id, product_id) VALUES (70, '2024-05-13', 12, 38);
INSERT INTO public.purchase (id, date, customer_id, product_id) VALUES (71, '2023-06-17', 15, 4);
INSERT INTO public.purchase (id, date, customer_id, product_id) VALUES (72, '2022-08-03', 5, 38);
INSERT INTO public.purchase (id, date, customer_id, product_id) VALUES (73, '2022-08-31', 1, 3);
INSERT INTO public.purchase (id, date, customer_id, product_id) VALUES (74, '2022-08-30', 6, 32);
INSERT INTO public.purchase (id, date, customer_id, product_id) VALUES (75, '2024-03-21', 4, 36);
INSERT INTO public.purchase (id, date, customer_id, product_id) VALUES (76, '2024-07-12', 2, 2);
INSERT INTO public.purchase (id, date, customer_id, product_id) VALUES (77, '2024-05-24', 8, 21);
INSERT INTO public.purchase (id, date, customer_id, product_id) VALUES (78, '2024-07-26', 5, 1);
INSERT INTO public.purchase (id, date, customer_id, product_id) VALUES (79, '2023-12-28', 7, 24);
INSERT INTO public.purchase (id, date, customer_id, product_id) VALUES (80, '2024-02-14', 18, 13);
INSERT INTO public.purchase (id, date, customer_id, product_id) VALUES (81, '2024-08-29', 7, 6);
INSERT INTO public.purchase (id, date, customer_id, product_id) VALUES (82, '2023-02-21', 17, 41);
INSERT INTO public.purchase (id, date, customer_id, product_id) VALUES (83, '2023-01-23', 20, 8);
INSERT INTO public.purchase (id, date, customer_id, product_id) VALUES (84, '2024-08-31', 14, 3);
INSERT INTO public.purchase (id, date, customer_id, product_id) VALUES (85, '2023-09-27', 8, 40);
INSERT INTO public.purchase (id, date, customer_id, product_id) VALUES (86, '2022-07-21', 3, 48);
INSERT INTO public.purchase (id, date, customer_id, product_id) VALUES (87, '2022-09-27', 14, 18);
INSERT INTO public.purchase (id, date, customer_id, product_id) VALUES (88, '2023-01-20', 13, 46);
INSERT INTO public.purchase (id, date, customer_id, product_id) VALUES (89, '2022-09-22', 9, 41);
INSERT INTO public.purchase (id, date, customer_id, product_id) VALUES (90, '2024-06-21', 3, 11);
INSERT INTO public.purchase (id, date, customer_id, product_id) VALUES (91, '2023-01-24', 18, 35);
INSERT INTO public.purchase (id, date, customer_id, product_id) VALUES (92, '2023-09-07', 19, 40);
INSERT INTO public.purchase (id, date, customer_id, product_id) VALUES (93, '2022-07-24', 11, 26);
INSERT INTO public.purchase (id, date, customer_id, product_id) VALUES (94, '2024-08-09', 3, 2);
INSERT INTO public.purchase (id, date, customer_id, product_id) VALUES (95, '2024-06-29', 4, 27);
INSERT INTO public.purchase (id, date, customer_id, product_id) VALUES (96, '2023-05-13', 12, 28);
INSERT INTO public.purchase (id, date, customer_id, product_id) VALUES (97, '2023-03-10', 11, 38);
INSERT INTO public.purchase (id, date, customer_id, product_id) VALUES (98, '2023-11-21', 19, 14);
INSERT INTO public.purchase (id, date, customer_id, product_id) VALUES (99, '2023-08-27', 11, 9);
INSERT INTO public.purchase (id, date, customer_id, product_id) VALUES (100, '2023-11-30', 17, 24);


--
-- TOC entry 3351 (class 0 OID 0)
-- Dependencies: 228
-- Name: purchase_id_seq; Type: SEQUENCE SET; Schema: public; Owner: postgres
--

SELECT pg_catalog.setval('public.purchase_id_seq', 100, true);


--
-- TOC entry 3199 (class 2606 OID 17094)
-- Name: purchase purchase_pkey; Type: CONSTRAINT; Schema: public; Owner: postgres
--

ALTER TABLE ONLY public.purchase
    ADD CONSTRAINT purchase_pkey PRIMARY KEY (id);


--
-- TOC entry 3200 (class 2606 OID 17095)
-- Name: purchase fk2pehe23hwdcyql94c531rbf70; Type: FK CONSTRAINT; Schema: public; Owner: postgres
--

ALTER TABLE ONLY public.purchase
    ADD CONSTRAINT fk2pehe23hwdcyql94c531rbf70 FOREIGN KEY (customer_id) REFERENCES public.customer(id);


--
-- TOC entry 3201 (class 2606 OID 17100)
-- Name: purchase fk3s4jktret4nl7m8yhfc8mfrn5; Type: FK CONSTRAINT; Schema: public; Owner: postgres
--

ALTER TABLE ONLY public.purchase
    ADD CONSTRAINT fk3s4jktret4nl7m8yhfc8mfrn5 FOREIGN KEY (product_id) REFERENCES public.product(id);


-- Completed on 2023-10-07 00:23:26

--
-- PostgreSQL database dump complete
--

